Model,Input_Size,Phase,Mean,Median,P90,P95,Min,Max
OWLv2,768x768,T_pre,111.1177350000017,108.16239999999766,124.0954399999822,126.23604500000596,99.08949999999095,153.9728999999852
OWLv2,768x768,T_infer,2044.293784000002,2014.2469000000176,2137.61609,2143.9026400000157,1963.4515999999849,2226.9516000000067
OWLv2,768x768,T_post,0.6553719999976693,0.6545000000102164,0.686239999964755,0.7041999999728432,0.5593000000203574,0.829300000020794
OWLv2,768x768,T_total,2156.0668910000018,2120.672349999978,2254.526869999992,2263.0018849999983,2070.5063999999993,2381.6011000000117
